StartDate,EndDate,Status,IPAddress,Progress,Duration (in seconds),Finished,RecordedDate,ResponseId,RecipientLastName,RecipientFirstName,RecipientEmail,ExternalReference,LocationLatitude,LocationLongitude,DistributionChannel,Q12,Q17_1,Q15_1,Q36_4,Q5_1,Q6,Q7_1,Q22_1,Q23_1,Q21_1,Q37_4,Q13_1,Q14,Q15_1,Q18_1,Q19_1,Q17_1,Q38_4,Q16_1,Q14_1,Q39_4,Q6 - TopicsStart Date,End Date,Response Type,IP Address,Progress,Duration (in seconds),Finished,Recorded Date,Response ID,Recipient Last Name,Recipient First Name,Recipient Email,External Data Reference,Location Latitude,Location Longitude,Distribution Channel,"Consent to Participate as a Research Subject

Introduction: You are invited to participate in a study conducted by Dr. Brady Wiggins of the BYU-Idaho psychology department, assisted by David Zealley, Venus Camargo, Kaylis Hase, and Grecia Palomino‰ÛÓundergraduate students at BYU-Idaho. This study is investigating beliefs on the likelihood of future events.


Procedures: You will be asked to judge how likely something is to happen. Your participation will take approximately 2-5 minutes.


Risks/Discomforts: This study involves minimal risks, no greater than those associated with everyday living.


Benefits: There are no direct benefits to participants. However, this study will help increase our understanding of thought processes related to beliefs about how likely something is to happen.


Confidentiality: All information you provide will remain confidential. We will collect your names for the sole purpose of informing your professor who participated in the study. The data will be reported as a group and your names will be converted to numbers so no data will be identifiable to a specific person. This data will then appear in a publicly accessible database.


Compensation: At the discretion of your professor, credit or extra credit in your class may be made available for your participation in this study. Your professor will make available an alternative assignment to obtain these points for those students who wish not to participate in research.


Participation: Participation in this research study is voluntary. You have the right to withdraw at any time or refuse to participate entirely without jeopardy to your class status, grade or standing with the university.


Questions about the Research: If you have questions about this study you can contact David Zealley, 801-232-0238, zea10001@byui.edu.


Questions about Your Rights as a Research Participant: : If you have questions regarding your rights as a participant in research projects, you may contact Dr. Sid Palmer, Dean of Faculty Development and Mentored Research, 172A MCK, BYU-Idaho, Rexburg, ID 83460; phone, (208) 496-4622; email, palmers@byui.edu.


Signature: I am 18 years old or older. I understand and have received a copy of this consent form and I agree to participate in the research.","Please read the following scenario carefully.

 

Imagine that you are in a large lecture with a few hundred students and you are sitting in the middle section, a little more than half-way back in the room. The professor asks a question about the readings, but no one raises his or her hand to answer. You have not done the reading and feel confident that you would not be able to answer the question. The class sits in silence for two minutes before the professor explains that if no one volunteers, he will choose someone. 

 

How likely do you believe it is that the professor will call on you? Mark by choosing the appropriate number below. - 1","If you were a student in the class you just read about, how important would it be to you to answer questions correctly in class? - 1","If you were a student in the class, how bad would you feel if you were  called on by the professor, but couldn‰Ûªt answer the question?","Start with the number:    564 While counting backwards, read the following scenario. Imagine that you are in a large lecture with a few hundred students and you are sitting in the middle section, a little more than half-way back in the room. The professor asks a question about the readings, but no one raises his or her hand to answer. You have done the reading and feel confident that the professor would like your answer, but prefer not to volunteer answers in large classes. The class sits in silence for two minutes before the professor explains that if no one volunteers, he will choose someone.  How likely do you believe it is that the professor will call on you? Mark your answer by choosing the appropriate number below. - 1","STOP
COUNTING!  What number did you end
on?","It
is often very difficult to complete two tasks simultaneously. Please indicate
how much effort you believe you put into each of the two tasks by choosing the
appropriate number. - 1",How difficult was the counting task?,How much effort did the counting task require? - 1,"If you were a student in the class you just read about, how important would it be to you to answer questions correctly in class?","If you were a student in the class, how bad would you feel if you were  called on by the professor, but couldn‰Ûªt answer the question?","Start with the number:    564

 

While counting backwards, read the following scenario.

 

Imagine that you are in a large lecture with a few hundred students and you are sitting in the middle section, a little more than half-way back in the room. The professor asks a question about the readings, but no one raises his or her hand to answer. You have not done the reading and feel confident that you would not be able to answer the question. The class sits in silence for two minutes before the professor explains that if no one volunteers, he will choose someone. 

 

How likely do you believe it is that the professor will call on you? Mark your answer by choosing the appropriate number below. - 1","STOP
COUNTING!  What number did you end
on?","It
is often very difficult to complete two tasks simultaneously. Please indicate
how much effort you believe you put into each of the two tasks by choosing the
appropriate number. - 1",How difficult was the counting task? - 1,How much effort did the counting task require? - 1,"If you were a student in the class you just read about, how important would it be to you to answer questions correctly in class? - 1","If you were a student in the class, how bad would you feel if you were  called on by the professor, but couldn‰Ûªt answer the question?","Please read the following scenario carefully.

 

Imagine that you are in a large lecture with a few hundred students and you are sitting in the middle section, a little more than half-way back in the room. The professor asks a question about the readings, but no one raises his or her hand to answer. You have done the reading and feel confident that the professor would like your answer, but prefer not to volunteer answers in large classes. The class sits in silence for two minutes before the professor explains that if no one volunteers, he will choose someone. 

 

How likely do you believe it is that the professor will call on you? Mark by choosing the appropriate number below. - 1","If you were a student in the class you just read about, how important would it be to you to answer questions correctly in class?","If you were a student in the class, how bad would you feel if you were  called on by the professor, but couldn‰Ûªt answer the question?",Q6 - Topics"{""ImportId"":""startDate""}","{""ImportId"":""endDate""}","{""ImportId"":""status""}","{""ImportId"":""ipAddress""}","{""ImportId"":""progress""}","{""ImportId"":""duration""}","{""ImportId"":""finished""}","{""ImportId"":""recordedDate""}","{""ImportId"":""_recordId""}","{""ImportId"":""recipientLastName""}","{""ImportId"":""recipientFirstName""}","{""ImportId"":""recipientEmail""}","{""ImportId"":""externalDataReference""}","{""ImportId"":""locationLatitude""}","{""ImportId"":""locationLongitude""}","{""ImportId"":""distributionChannel""}","{""ImportId"":""QID12""}","{""ImportId"":""QID17_1""}","{""ImportId"":""QID24_1""}","{""ImportId"":""QID58_4""}","{""ImportId"":""QID5_1""}","{""ImportId"":""QID6_TEXT""}","{""ImportId"":""QID7_1""}","{""ImportId"":""QID31_1""}","{""ImportId"":""QID32_1""}","{""ImportId"":""QID30_1""}","{""ImportId"":""QID59_4""}","{""ImportId"":""QID13_1""}","{""ImportId"":""QID14_TEXT""}","{""ImportId"":""QID15_1""}","{""ImportId"":""QID27_1""}","{""ImportId"":""QID28_1""}","{""ImportId"":""QID26_1""}","{""ImportId"":""QID60_4""}","{""ImportId"":""QID16_1""}","{""ImportId"":""QID23_1""}","{""ImportId"":""QID61_4""}","{""ImportId"":""QID6_TEXT_d0756a79c7224a1eba0b10d7Topic0""}"11/14/16 15:13,11/14/16 15:19,IP Address,157.201.111.206,100,386,TRUE,11/14/16 15:19,R_sHJajEd4MZcPaHT,,,,,43.77609253,-111.6910019,anonymous,I agree to participate in the research,,,,,,,,,,,6,549,2,5,5,8,9,,,,11/14/16 15:15,11/14/16 15:20,IP Address,157.201.106.185,100,254,TRUE,11/14/16 15:20,R_2AEVSQaKD6anU0E,,,,,43.77609253,-111.6910019,anonymous,I agree to participate in the research,,,,,,,,,,,,,,,,,,3,2,4,11/14/16 15:20,11/14/16 15:23,IP Address,157.201.111.206,100,184,TRUE,11/14/16 15:23,R_3Oe0MBYNLfjUFeo,,,,,43.77609253,-111.6910019,anonymous,I agree to participate in the research,6,4,4,,,,,,,,,,,,,,,,,,11/14/16 15:25,11/14/16 15:57,IP Address,157.201.111.206,100,1938,TRUE,11/14/16 15:57,R_AtbegWczRJwhcTT,,,,,43.77609253,-111.6910019,anonymous,I agree to participate in the research,,,,,,,,,,,,,,,,,,1,8,5,11/14/16 15:24,11/14/16 16:09,IP Address,157.201.106.185,100,2654,TRUE,11/14/16 16:09,R_1BXEAHOuHLN8s76,,,,,43.77609253,-111.6910019,anonymous,I agree to participate in the research,,,,1,548,1,10,10,10,10,,,,,,,,,,,11/14/16 16:09,11/14/16 16:20,IP Address,157.201.106.185,100,611,TRUE,11/14/16 16:20,R_28Aj1VuWe00JTRL,,,,,43.77609253,-111.6910019,anonymous,I agree to participate in the research,,,,,,,,,,,1,552,1,8,9,8,4,,,,11/14/16 15:58,11/14/16 16:20,IP Address,157.201.111.206,100,1299,TRUE,11/14/16 16:20,R_3HIeFZuiZgw6tWu,,,,,43.77609253,-111.6910019,anonymous,I agree to participate in the research,0,3,4,,,,,,,,,,,,,,,,,,11/14/16 16:21,11/14/16 16:27,IP Address,157.201.111.206,100,379,TRUE,11/14/16 16:27,R_1F8HaeMFVHqZ4Uf,,,,,43.77609253,-111.6910019,anonymous,I agree to participate in the research,,,,,,,,,,,,,,,,,,3,7,7,11/14/16 16:20,11/14/16 16:28,IP Address,157.201.106.185,100,431,TRUE,11/14/16 16:28,R_3nTaOiYq2D38sJa,,,,,43.77609253,-111.6910019,anonymous,I agree to participate in the research,1,3,3,,,,,,,,,,,,,,,,,,11/14/16 16:28,11/14/16 16:39,IP Address,157.201.106.185,100,654,TRUE,11/14/16 16:39,R_yDRB5NaOcP8NSwx,,,,,43.77609253,-111.6910019,anonymous,I agree to participate in the research,,,,,,,,,,,3,531,2,10,7,9,9,,,,11/14/16 16:28,11/14/16 16:40,IP Address,157.201.111.206,100,740,TRUE,11/14/16 16:40,R_2ClbRNtMHxW85GQ,,,,,43.77609253,-111.6910019,anonymous,I agree to participate in the research,,,,1,581,2,7,5,10,5,,,,,,,,,,,11/14/16 16:41,11/14/16 16:49,IP Address,157.201.111.206,100,475,TRUE,11/14/16 16:49,R_3eqobra0S6C0kHT,,,,,43.77609253,-111.6910019,anonymous,I agree to participate in the research,,,,1,560,1,9,8,8,10,,,,,,,,,,,11/14/16 16:40,11/14/16 16:49,IP Address,157.201.106.185,100,553,TRUE,11/14/16 16:49,R_1mVEQdnUFvyGvpS,,,,,43.77609253,-111.6910019,anonymous,I agree to participate in the research,,,,,,,,,,,,,,,,,,3,7,8,11/14/16 16:50,11/14/16 16:57,IP Address,157.201.106.185,100,448,TRUE,11/14/16 16:57,R_1ibuZPUbgXv31P6,,,,,43.77609253,-111.6910019,anonymous,I agree to participate in the research,1,3,3,,,,,,,,,,,,,,,,,,11/14/16 16:50,11/14/16 17:00,IP Address,157.201.111.206,100,596,TRUE,11/14/16 17:00,R_3PzUvlk7DoF9c4f,,,,,43.77609253,-111.6910019,anonymous,I agree to participate in the research,,,,,,,,,,,3,547,3,6,4,9,10,,,,11/14/16 17:22,11/14/16 17:32,IP Address,157.201.120.23,100,601,TRUE,11/14/16 17:32,R_1OZdW4Qg0KkrfAi,,,,,43.77609253,-111.6910019,anonymous,I agree to participate in the research,,,,,,,,,,,,,,,,,,1,6,4,11/14/16 17:30,11/14/16 17:44,IP Address,157.201.98.111,100,873,TRUE,11/14/16 17:44,R_1gI78PTUmlSNyVZ,,,,,43.77609253,-111.6910019,anonymous,I agree to participate in the research,,,,,,,,,,,1,561,1,10,10,3,4,,,,11/14/16 17:33,11/14/16 17:45,IP Address,157.201.120.23,100,681,TRUE,11/14/16 17:45,R_1K0TMWSWiCVIe96,,,,,43.77609253,-111.6910019,anonymous,I agree to participate in the research,4,6,5,,,,,,,,,,,,,,,,,,11/14/16 17:45,11/14/16 17:57,IP Address,157.201.98.111,100,711,TRUE,11/14/16 17:57,R_2aPsDMltvxHdpQW,,,,,43.77609253,-111.6910019,anonymous,I agree to participate in the research,,,,5,561,1,8,10,7,9,,,,,,,,,,,11/14/16 17:46,11/14/16 18:11,IP Address,157.201.120.23,100,1515,TRUE,11/14/16 18:11,R_2Sdy930271AUamY,,,,,43.77609253,-111.6910019,anonymous,I agree to participate in the research,,,,,,,,,,,3,528,3,7,7,5,6,,,,11/14/16 17:58,11/14/16 18:20,IP Address,157.201.98.111,100,1312,TRUE,11/14/16 18:20,R_1fl5GTzyt3R2YxZ,,,,,43.77609253,-111.6910019,anonymous,I agree to participate in the research,4,8,5,,,,,,,,,,,,,,,,,,11/14/16 18:12,11/14/16 18:27,IP Address,157.201.120.23,100,889,TRUE,11/14/16 18:27,R_1ffI345rLjuTEph,,,,,43.77609253,-111.6910019,anonymous,I agree to participate in the research,,,,7,492,5,2,8,7,6,,,,,,,,,,,11/14/16 18:25,11/14/16 18:31,IP Address,157.201.98.111,100,345,TRUE,11/14/16 18:31,R_2eb42INX1yokaal,,,,,43.77609253,-111.6910019,anonymous,I agree to participate in the research,,,,,,,,,,,,,,,,,,1,10,5,11/15/16 15:12,11/15/16 15:18,IP Address,157.201.100.154,100,327,TRUE,11/15/16 15:18,R_BSnUiQYlhB4yKKB,,,,,43.77609253,-111.6910019,anonymous,I agree to participate in the research,,,,,,,,,,,5,558,5,9,9,2,5,,,,11/15/16 15:14,11/15/16 15:22,IP Address,157.201.123.126,100,482,TRUE,11/15/16 15:22,R_zeDIjI5QS4BuhDX,,,,,43.77609253,-111.6910019,anonymous,I agree to participate in the research,,,,,,,,,,,,,,,,,,1,10,7,11/15/16 15:19,11/15/16 15:25,IP Address,157.201.100.154,100,347,TRUE,11/15/16 15:25,R_RsPr30tFZTFU8XT,,,,,43.77609253,-111.6910019,anonymous,I agree to participate in the research,,,,1,531,4,7,9,6,8,,,,,,,,,,,11/15/16 15:22,11/15/16 15:28,IP Address,157.201.123.126,100,316,TRUE,11/15/16 15:28,R_2dZuRxcJWNqzcd9,,,,,43.77609253,-111.6910019,anonymous,I agree to participate in the research,3,10,9,,,,,,,,,,,,,,,,,,11/15/16 15:26,11/15/16 15:30,IP Address,157.201.100.154,100,240,TRUE,11/15/16 15:30,R_1CJaYuEjHfZ9GFn,,,,,43.77609253,-111.6910019,anonymous,I agree to participate in the research,,,,1,540,3,8,7,10,8,,,,,,,,,,,11/15/16 15:32,11/15/16 15:37,IP Address,157.201.100.154,100,305,TRUE,11/15/16 15:37,R_1LUnd1pHw0AwxAu,,,,,43.77609253,-111.6910019,anonymous,I agree to participate in the research,1,2,3,,,,,,,,,,,,,,,,,,11/15/16 15:28,11/15/16 15:40,IP Address,157.201.123.126,100,691,TRUE,11/15/16 15:40,R_11gvHvZ0Ik90F9L,,,,,43.77609253,-111.6910019,anonymous,I agree to participate in the research,,,,,,,,,,,,,,,,,,5,4,4,11/15/16 15:37,11/15/16 15:52,IP Address,157.201.100.154,100,874,TRUE,11/15/16 15:52,R_SVRm0IU2HtCF8Fb,,,,,43.77609253,-111.6910019,anonymous,I agree to participate in the research,,,,,,,,,,,5,558,3,10,10,6,8,,,,11/15/16 15:41,11/15/16 15:57,IP Address,157.201.123.126,100,946,TRUE,11/15/16 15:57,R_vqolbzBJL189w1X,,,,,43.77609253,-111.6910019,anonymous,I agree to participate in the research,,,,,,,,,,,,,,,,,,3,7,3,11/15/16 15:57,11/15/16 16:17,IP Address,157.201.123.126,100,1195,TRUE,11/15/16 16:17,R_1l6SVr5UngbverG,,,,,43.77609253,-111.6910019,anonymous,I agree to participate in the research,7,5,8,,,,,,,,,,,,,,,,,,11/15/16 15:52,11/15/16 16:21,IP Address,157.201.100.154,100,1683,TRUE,11/15/16 16:21,R_2UaPnxHrFmdX74u,,,,,43.77609253,-111.6910019,anonymous,I agree to participate in the research,,,,,,,,,,,4,522,4,6,6,7,5,,,,11/15/16 16:18,11/15/16 16:23,IP Address,157.201.123.126,100,323,TRUE,11/15/16 16:23,R_2tlK3vaRXT92JRY,,,,,43.77609253,-111.6910019,anonymous,I agree to participate in the research,,,,2,843,1,10,10,9,9,,,,,,,,,,,11/15/16 16:21,11/15/16 16:31,IP Address,157.201.100.154,100,592,TRUE,11/15/16 16:31,R_3HiUAfogziWdDIu,,,,,43.77609253,-111.6910019,anonymous,I agree to participate in the research,,,,,,,,,,,2,525,3,5,5,8,5,,,,11/15/16 16:34,11/15/16 16:38,IP Address,157.201.123.126,100,282,TRUE,11/15/16 16:38,R_1j8qLQ8j30Cqswq,,,,,43.77609253,-111.6910019,anonymous,I agree to participate in the research,,,,5,537,5,8,6,5,8,,,,,,,,,,,11/15/16 16:32,11/15/16 16:42,IP Address,157.201.100.154,100,600,TRUE,11/15/16 16:42,R_32WaLUAzFuGDMEV,,,,,43.77609253,-111.6910019,anonymous,I agree to participate in the research,1,7,4,,,,,,,,,,,,,,,,,,11/15/16 16:39,11/15/16 16:44,IP Address,157.201.123.126,100,306,TRUE,11/15/16 16:44,R_3lQXZPym6pfizWk,,,,,43.77609253,-111.6910019,anonymous,I agree to participate in the research,,,,,,,,,,,,,,,,,,2,9,1,11/15/16 16:43,11/15/16 16:48,IP Address,157.201.100.154,100,318,TRUE,11/15/16 16:48,R_1gAr73AJpuHms3O,,,,,43.77609253,-111.6910019,anonymous,I agree to participate in the research,,,,,,,,,,,3,540,3,3,9,8,7,,,,11/15/16 16:49,11/15/16 16:55,IP Address,157.201.100.154,100,385,TRUE,11/15/16 16:55,R_27Uw97OtCrDrHPC,,,,,43.77609253,-111.6910019,anonymous,I agree to participate in the research,2,5,8,,,,,,,,,,,,,,,,,,11/15/16 18:28,11/15/16 18:31,IP Address,157.201.124.167,100,179,TRUE,11/15/16 18:31,R_1jerZOlHlabxBwO,,,,,43.77609253,-111.6910019,anonymous,I agree to participate in the research,,,,,,,,,,,,,,,,,,2,9,10,11/15/16 18:29,11/15/16 18:34,IP Address,157.201.107.206,100,288,TRUE,11/15/16 18:34,R_2ZCYruSOOaoOdL1,,,,,43.77609253,-111.6910019,anonymous,I agree to participate in the research,,,,6,527,4,5,4,9,7,,,,,,,,,,,11/15/16 18:32,11/15/16 18:35,IP Address,157.201.124.167,100,217,TRUE,11/15/16 18:35,R_2xy3mm7DiKcfihz,,,,,43.77609253,-111.6910019,anonymous,I agree to participate in the research,1,8,7,,,,,,,,,,,,,,,,,,11/15/16 18:34,11/15/16 18:39,IP Address,157.201.107.206,100,252,TRUE,11/15/16 18:39,R_2zpzT1BkpOBpyFQ,,,,,43.77609253,-111.6910019,anonymous,I agree to participate in the research,,,,4,270,4,10,10,10,7,,,,,,,,,,,11/15/16 18:36,11/15/16 18:54,IP Address,157.201.124.167,100,1048,TRUE,11/15/16 18:54,R_1isduzyE4gQBeyG,,,,,43.77609253,-111.6910019,anonymous,I agree to participate in the research,,,,,,,,,,,,,,,,,,9,7,9,11/15/16 18:39,11/15/16 18:56,IP Address,157.201.100.210,100,1000,TRUE,11/15/16 18:56,R_2QMaGnszkcmEH8A,,,,,43.77609253,-111.6910019,anonymous,I agree to participate in the research,,,,,,,,,,,2,540,2,9,9,9,9,,,,11/15/16 18:58,11/15/16 19:02,IP Address,157.201.100.210,100,229,TRUE,11/15/16 19:02,R_1Ny2CKmbYxsBmnn,,,,,43.77609253,-111.6910019,anonymous,I agree to participate in the research,,,,,,,,,,,,,,,,,,1,7,7,11/15/16 18:54,11/15/16 19:06,IP Address,157.201.124.167,100,726,TRUE,11/15/16 19:06,R_10IflGb9QBMRyLF,,,,,43.77609253,-111.6910019,anonymous,I agree to participate in the research,,,,5,549,2,7,8,6,1,,,,,,,,,,,11/15/16 19:07,11/15/16 20:09,IP Address,157.201.124.167,100,3717,TRUE,11/15/16 20:09,R_3dQzVJVTum3FOdc,,,,,43.77609253,-111.6910019,anonymous,I agree to participate in the research,8,6,9,,,,,,,,,,,,,,,,,,11/15/16 20:10,11/15/16 20:16,IP Address,157.201.124.167,100,336,TRUE,11/15/16 20:16,R_3ixUEgUHATzp7OQ,,,,,43.77609253,-111.6910019,anonymous,I agree to participate in the research,,,,,,,,,,,5,534,5,6,9,7,8,,,,11/15/16 19:03,11/15/16 20:20,IP Address,157.201.109.23,100,4611,TRUE,11/15/16 20:20,R_UyZYFVyGFV3hvoZ,,,,,43.77609253,-111.6910019,anonymous,I agree to participate in the research,,,,,,,,,,,,,,,,,,2,7,9,11/15/16 20:17,11/15/16 20:29,IP Address,157.201.124.167,100,692,TRUE,11/15/16 20:29,R_C1E5wIRNWMRlvxL,,,,,43.77609253,-111.6910019,anonymous,I agree to participate in the research,6,4,8,,,,,,,,,,,,,,,,,,11/16/16 15:12,11/16/16 15:17,IP Address,157.201.100.192,100,294,TRUE,11/16/16 15:17,R_d1fDI1LwiDMcbN7,,,,,43.77609253,-111.6910019,anonymous,I agree to participate in the research,,,,,,,,,,,1,523,2,9,9,1,3,,,,11/16/16 15:17,11/16/16 15:22,IP Address,157.201.118.229,100,309,TRUE,11/16/16 15:22,R_3lGHDOW1wBmbiTj,,,,,43.77609253,-111.6910019,anonymous,I agree to participate in the research,,,,3,531,2,9,8,8,3,,,,,,,,,,,11/16/16 15:22,11/16/16 15:27,IP Address,157.201.118.229,100,282,TRUE,11/16/16 15:27,R_2aUYwXZTDVueZ2O,,,,,43.77609253,-111.6910019,anonymous,I agree to participate in the research,4,10,10,,,,,,,,,,,,,,,,,,11/16/16 15:22,11/16/16 15:45,IP Address,157.201.117.238,100,1378,TRUE,11/16/16 15:45,R_Ap6YDGvK89y0x7r,,,,,43.77609253,-111.6910019,anonymous,I agree to participate in the research,,,,,,,,,,,4,529,1,8,8,9,7,,,,11/16/16 15:28,11/16/16 15:46,IP Address,157.201.118.229,100,1072,TRUE,11/16/16 15:46,R_2z7nhJqzHTL7L2R,,,,,43.77609253,-111.6910019,anonymous,I agree to participate in the research,,,,,,,,,,,,,,,,,,1,6,7,11/16/16 15:47,11/16/16 15:58,IP Address,157.201.118.229,100,706,TRUE,11/16/16 15:58,R_tWMHMWuda33C3zH,,,,,43.77609253,-111.6910019,anonymous,I agree to participate in the research,1,4,5,,,,,,,,,,,,,,,,,,11/16/16 15:46,11/16/16 15:59,IP Address,157.201.117.238,100,822,TRUE,11/16/16 15:59,R_u2m1xIA8p8s9kpX,,,,,43.77609253,-111.6910019,anonymous,I agree to participate in the research,,,,7,529,4,7,8,8,7,,,,,,,,,,,11/16/16 16:00,11/16/16 16:11,IP Address,157.201.117.238,100,672,TRUE,11/16/16 16:11,R_2qyM1WtpuAkCAGV,,,,,43.77609253,-111.6910019,anonymous,I agree to participate in the research,,,,1,522,4,6,7,9,8,,,,,,,,,,,11/16/16 16:00,11/16/16 16:27,IP Address,157.201.118.229,100,1672,TRUE,11/16/16 16:27,R_2QMV9tDvqS3k3DL,,,,,43.77609253,-111.6910019,anonymous,I agree to participate in the research,,,,,,,,,,,,,,,,,,2,9,10,11/16/16 16:12,11/16/16 16:41,IP Address,157.201.117.238,100,1765,TRUE,11/16/16 16:41,R_12z2buufOTbjoJ7,,,,,43.77609253,-111.6910019,anonymous,I agree to participate in the research,,,,,,,,,,,7,530,5,9,9,8,10,,,,11/16/16 16:28,11/16/16 16:42,IP Address,157.201.118.229,100,861,TRUE,11/16/16 16:42,R_bPjx2Kq3zt8kizf,,,,,43.77609253,-111.6910019,anonymous,I agree to participate in the research,,,,,,,,,,,3,537,5,8,8,10,8,,,,11/16/16 16:42,11/16/16 16:47,IP Address,157.201.117.238,100,308,TRUE,11/16/16 16:47,R_1rwTAz7H4sPRrND,,,,,43.77609253,-111.6910019,anonymous,I agree to participate in the research,1,7,8,,,,,,,,,,,,,,,,,,11/16/16 16:43,11/16/16 16:49,IP Address,157.201.118.229,100,361,TRUE,11/16/16 16:49,R_zTOfP7FMNyICOZP,,,,,43.77609253,-111.6910019,anonymous,I agree to participate in the research,,,,,,,,,,,,,,,,,,2,7,5,11/16/16 16:52,11/16/16 17:00,IP Address,157.201.118.229,100,480,TRUE,11/16/16 17:00,R_2WCjFJMXFUTD0ST,,,,,43.77609253,-111.6910019,anonymous,I agree to participate in the research,,,,5,526,5,7,7,3,7,,,,,,,,,,,11/16/16 17:00,11/16/16 17:05,IP Address,157.201.118.229,100,256,TRUE,11/16/16 17:05,R_3QQ9Id8wpcRHmhl,,,,,43.77609253,-111.6910019,anonymous,I agree to participate in the research,4,5,8,,,,,,,,,,,,,,,,,,11/16/16 18:27,11/16/16 18:32,IP Address,157.201.118.136,100,322,TRUE,11/16/16 18:32,R_1g6hSfa7WAaI3tu,,,,,43.77609253,-111.6910019,anonymous,I agree to participate in the research,,,,3,547,2,10,10,9,2,,,,,,,,,,,11/16/16 18:33,11/16/16 18:34,IP Address,157.201.118.136,100,102,TRUE,11/16/16 18:34,R_21p2XMOSEVmm33u,,,,,43.77609253,-111.6910019,anonymous,I agree to participate in the research,,,,,,,,,,,,,,,,,,1,10,10,11/16/16 18:29,11/16/16 18:35,IP Address,157.201.90.208,100,382,TRUE,11/16/16 18:35,R_2X0RVXwvEeKQfhi,,,,,43.77609253,-111.6910019,anonymous,I agree to participate in the research,,,,,,,,,,,1,555,2,10,9,6,8,,,,11/16/16 18:36,11/16/16 18:48,IP Address,157.201.90.208,100,732,TRUE,11/16/16 18:48,R_3p6lpn6FwBaV4LW,,,,,43.77609253,-111.6910019,anonymous,I agree to participate in the research,1,7,7,,,,,,,,,,,,,,,,,,11/16/16 18:35,11/16/16 18:48,IP Address,157.201.118.136,100,793,TRUE,11/16/16 18:48,R_sHCjBJ8ZZm7YA4V,,,,,43.77609253,-111.6910019,anonymous,I agree to participate in the research,,,,3,554,2,10,9,10,9,,,,,,,,,,,11/16/16 18:49,11/16/16 18:53,IP Address,157.201.118.136,100,221,TRUE,11/16/16 18:53,R_Z8D54ZmTWEuptrX,,,,,43.77609253,-111.6910019,anonymous,I agree to participate in the research,,,,,,,,,,,,,,,,,,2,5,7,11/16/16 18:54,11/16/16 18:58,IP Address,157.201.118.136,100,291,TRUE,11/16/16 18:58,R_3isY1JQSl1oXplG,,,,,43.77609253,-111.6910019,anonymous,I agree to participate in the research,,,,,,,,,,,6,543,2,7,9,10,8,,,,11/16/16 18:59,11/16/16 19:08,IP Address,157.201.118.136,100,551,TRUE,11/16/16 19:08,R_3Rq2jn516YuBeMy,,,,,43.77609253,-111.6910019,anonymous,I agree to participate in the research,1,7,9,,,,,,,,,,,,,,,,,,11/16/16 19:09,11/16/16 20:04,IP Address,157.201.118.136,100,3295,TRUE,11/16/16 20:04,R_p3OwislPcxDxXvr,,,,,43.77609253,-111.6910019,anonymous,I agree to participate in the research,,,,,,,,,,,3,552,2,4,7,5,7,,,,11/16/16 20:04,11/16/16 20:22,IP Address,157.201.118.136,100,1075,TRUE,11/16/16 20:22,R_31vfaiCSCDBBsga,,,,,43.77609253,-111.6910019,anonymous,I agree to participate in the research,,,,6,559,1,7,9,10,6,,,,,,,,,,,11/17/16 15:17,11/17/16 15:23,IP Address,157.201.97.163,100,383,TRUE,11/17/16 15:23,R_12hfNFqaiZf3nHf,,,,,43.77609253,-111.6910019,anonymous,I agree to participate in the research,,,,,,,,,,,,,,,,,,2,7,8,11/17/16 15:24,11/17/16 15:26,IP Address,157.201.97.163,100,97,TRUE,11/17/16 15:26,R_3D8aN5J2Cl4HRm0,,,,,43.77609253,-111.6910019,anonymous,I agree to participate in the research,,,,,,,,,,,,,,,,,,4,7,7,11/17/16 15:18,11/17/16 15:28,IP Address,157.201.96.178,100,618,TRUE,11/17/16 15:28,R_25Mi3BcfZcDgra9,,,,,43.77609253,-111.6910019,anonymous,I agree to participate in the research,,,,2,563,1,10,10,3,5,,,,,,,,,,,11/17/16 15:29,11/17/16 15:37,IP Address,157.201.96.178,100,468,TRUE,11/17/16 15:37,R_3Emx8GOlaJeBcPt,,,,,43.77609253,-111.6910019,anonymous,I agree to participate in the research,5,2,10,,,,,,,,,,,,,,,,,,11/17/16 15:28,11/17/16 15:38,IP Address,157.201.97.163,100,581,TRUE,11/17/16 15:38,R_2rB0syryWT05qj3,,,,,43.77609253,-111.6910019,anonymous,I agree to participate in the research,,,,,,,,,,,6,517,2,8,7,8,7,,,,11/17/16 15:37,11/17/16 15:46,IP Address,157.201.96.178,100,519,TRUE,11/17/16 15:46,R_3KMH19qRfO9X9vL,,,,,43.77609253,-111.6910019,anonymous,I agree to participate in the research,,,,,,,,,,,3,552,1,9,9,5,7,,,,11/17/16 15:41,11/17/16 15:47,IP Address,157.201.97.163,100,313,TRUE,11/17/16 15:47,R_PIfMhbI7jqRfKUN,,,,,43.77609253,-111.6910019,anonymous,I agree to participate in the research,,,,8,537,0,10,9,10,8,,,,,,,,,,,11/17/16 15:47,11/17/16 15:50,IP Address,157.201.96.178,100,201,TRUE,11/17/16 15:50,R_1dFgrqd5MkPOjFv,,,,,43.77609253,-111.6910019,anonymous,I agree to participate in the research,,,,,,,,,,,,,,,,,,7,7,2,11/17/16 15:51,11/17/16 16:01,IP Address,157.201.96.178,100,586,TRUE,11/17/16 16:01,R_21zBUZaXZxwDNyS,,,,,43.77609253,-111.6910019,anonymous,I agree to participate in the research,5,7,7,,,,,,,,,,,,,,,,,,11/17/16 15:47,11/17/16 16:01,IP Address,157.201.97.163,100,825,TRUE,11/17/16 16:01,R_2Qll4pfaSVYfm4p,,,,,43.77609253,-111.6910019,anonymous,I agree to participate in the research,1,3,7,,,,,,,,,,,,,,,,,,11/17/16 16:02,11/17/16 16:30,IP Address,157.201.114.1,100,1714,TRUE,11/17/16 16:30,R_YWDdvm8skSyb453,,,,,43.77609253,-111.6910019,anonymous,I agree to participate in the research,,,,,,,,,,,,,,,,,,8,10,10,11/17/16 16:02,11/17/16 16:32,IP Address,157.201.97.163,100,1800,TRUE,11/17/16 16:32,R_qJizcpCGByGDrz3,,,,,43.77609253,-111.6910019,anonymous,I agree to participate in the research,,,,6,60,3,9,8,10,9,,,,,,,,,,,