"","a","mTurkCode","V8","V9","V10","X6","Cognitive load","Had read","Q1","Q2_1","Q3","Q4_1","Q6","Q7_1","Q8","Q9_1","Q11_1","Q14_1","Q13","end.num","eff.split","badness","importance","count.eff","count.hard"
"1","ResponseID","mTurkCode","StartDate","EndDate","Finished","Exclude","Cognitive load","Had read","Please read the directions carefully. /  /    /  /  In this short study, you will be asked to complete two t...","Start with the number: 564 /  /    /  /  While counting backwards, read the following scenario. /  /   /   /  /  Imagi...-&nbsp;","STOP COUNTING! What number did you end on?","It / is often very difficult to complete two tasks simultaneously. Please indicate / how much effort you...-&nbsp;","Please read the directions carefully. /   /   /  /   In this short study, you will be asked to complete two...","Start with the number: 564 /  /    /  /  While counting backwards, read the following scenario. /  /    /  /  /  Imagi...-&nbsp;","STOP COUNTING! What number did you end on?","It / is often very difficult to complete two tasks simultaneously. Please indicate / how much effort you...-&nbsp;","Please read the following scenario carefully. /  /   /  Imagine that you are in a large lecture with a few...-&nbsp;","Please read the following scenario carefully.  /    /  /  Imagine that you are in a large lecture with a f...-&nbsp;","Thank you for participating in this study. Î¾ If you have any comments about it, please enter them...",NA,NA,NA,NA,NA,NA
"2","R_1cSbvNAXaafqkde","4236033","3/1/17 15:43","3/1/17 16:13","1",NA,"1","1","1","1","549","4",NA,NA,NA,NA,NA,NA,NA,549,4,NA,NA,NA,NA
"3","R_1OwZTmBaEDqkE1A","4230069","3/1/17 15:42","3/1/17 16:14","1",NA,"1","0",NA,NA,NA,NA,"1","7","4","1",NA,NA,NA,4,1,NA,NA,NA,NA
"4","R_3lPkICCJorTO4aO","4236113","3/1/17 15:44","3/1/17 16:14","1",NA,"1","0",NA,NA,NA,NA,"1","3","551","5",NA,NA,NA,551,5,NA,NA,NA,NA
"5","R_qzrWUnKyDALt1oR","4238348","3/1/17 16:41","3/1/17 16:42","1",NA,"0","1",NA,NA,NA,NA,NA,NA,NA,NA,"2",NA,NA,NA,NA,NA,NA,NA,NA
"6","R_2bK05AXvhvPto4u","4238577","3/1/17 16:16","3/1/17 16:42","1",NA,"0","1",NA,NA,NA,NA,NA,NA,NA,NA,"6",NA,NA,NA,NA,NA,NA,NA,NA
"7","R_2rkgs0e2C7LmN6a","4236832","3/1/17 16:16","3/1/17 16:42","1",NA,"0","1",NA,NA,NA,NA,NA,NA,NA,NA,"1",NA,NA,NA,NA,NA,NA,NA,NA
"8","R_3DyOXqZe0mzai3L","4237128","3/1/17 17:06","3/1/17 17:20","1",NA,"0","0",NA,NA,NA,NA,NA,NA,NA,NA,NA,"2",NA,NA,NA,NA,NA,NA,NA
"9","R_2xORNr4peQikEIR","4239310","3/1/17 16:44","3/1/17 17:21","1",NA,"1","1","1","7","7","2",NA,NA,NA,NA,NA,NA,NA,7,2,NA,NA,NA,NA
"10","R_3oQQ5cIUe1jUo7L","4239467","3/1/17 16:44","3/1/17 17:21","1",NA,"1","1","1","5","546","2",NA,NA,NA,NA,NA,NA,NA,546,2,NA,NA,NA,NA
"11","R_1dKcAc9HYCt7vln","4232296","3/8/17 15:42","3/8/17 16:17","1",NA,"1","0",NA,NA,NA,NA,"1","1","543","2",NA,NA,NA,543,2,NA,NA,NA,NA
"12","R_9Rd7pXZu6zFjrjP","4234152","3/8/17 15:43","3/8/17 16:17","1",NA,"1","1","1","4","554","2",NA,NA,NA,NA,NA,NA,NA,554,2,NA,NA,NA,NA
"13","R_2VD3KE5S18h3Zz0","4230113","3/8/17 15:41","3/8/17 16:18","1",NA,"1","1","1","3","558","0",NA,NA,NA,NA,NA,NA,NA,558,0,NA,NA,NA,NA
"14","R_2pQB33z4erYYZH6","4237501","3/8/17 16:27","3/8/17 17:14","1",NA,"1","0",NA,NA,NA,NA,"1","3","528","3",NA,NA,NA,528,3,NA,NA,NA,NA
"15","R_308iqUaQ3kpe9Zq","4239220","3/8/17 16:27","3/8/17 17:14","1",NA,"0","0",NA,NA,NA,NA,NA,NA,NA,NA,NA,"3",NA,NA,NA,NA,NA,NA,NA
"16","R_3dMwvdYnXrhDM50","4233947","3/8/17 16:24","3/8/17 17:15","1",NA,"1","1","1","6","542","1",NA,NA,NA,NA,NA,NA,NA,542,1,NA,NA,NA,NA
"17","R_YXNheOmPG5WGoKt","4230521","3/10/17 15:07","3/10/17 16:11","1",NA,"0","0",NA,NA,NA,NA,NA,NA,NA,NA,NA,"4",NA,NA,NA,NA,NA,NA,NA
"18","R_27wiw8OS0k4z9JK","4239405","3/10/17 15:06","3/10/17 16:12","1",NA,"0","1",NA,NA,NA,NA,NA,NA,NA,NA,"0",NA,NA,NA,NA,NA,NA,NA,NA
"19","R_Z8gZpQEa9gRoBkl","4233150","3/10/17 15:06","3/10/17 16:13","1",NA,"1","1","1","1","546","4",NA,NA,NA,NA,NA,NA,NA,546,4,NA,NA,NA,NA
"20","R_2fINNZEPzhAOH74","4235392","3/10/17 16:19","3/10/17 16:48","1",NA,"0","0",NA,NA,NA,NA,NA,NA,NA,NA,NA,"1",NA,NA,NA,NA,NA,NA,NA
"21","R_1ogSVCedNZxxyge","4230478","3/10/17 16:19","3/10/17 16:49","1",NA,"1","1","1","7","549","5",NA,NA,NA,NA,NA,NA,NA,549,5,NA,NA,NA,NA
"22","R_1gpSWkQm1wYsoCA","4232846","3/10/17 16:47","3/10/17 16:52","1",NA,"1","0",NA,NA,NA,NA,"1","3","552","2",NA,NA,NA,552,2,NA,NA,NA,NA
"23","R_4NNEYHqG6DUyZq1","4233980","3/15/17 15:52","3/15/17 16:17","1",NA,"0","1",NA,NA,NA,NA,NA,NA,NA,NA,"1",NA,NA,NA,NA,NA,NA,NA,NA
"24","R_3JLwVuYQGJ4OjdE","4232016","3/15/17 15:49","3/15/17 16:18","1",NA,"1","1","1","1","519","4",NA,NA,NA,NA,NA,NA,NA,519,4,NA,NA,NA,NA
"25","R_10Tbqw3kVz59COi","4230599","3/15/17 15:48","3/15/17 16:19","1",NA,"1","0",NA,NA,NA,NA,"1","5","474","4",NA,NA,NA,474,4,NA,NA,NA,NA
"26","R_stnBogVohJf7FT3","4237914","3/15/17 16:23","3/15/17 17:21","1",NA,"1","0",NA,NA,NA,NA,"1","7","500","2",NA,NA,NA,500,2,NA,NA,NA,NA
"27","R_1C1liIPGbH9nVXn","4238353","3/15/17 16:24","3/15/17 17:22","1",NA,"1","0",NA,NA,NA,NA,"1","2","523","5",NA,NA,NA,523,5,NA,NA,NA,NA
"28","R_2SuDRrwEaGrAPPA","4235954","3/15/17 16:24","3/15/17 17:22","1",NA,"1","0",NA,NA,NA,NA,"1","1","564","0",NA,NA,NA,564,0,NA,NA,NA,NA
"29","R_OO6lF5DEEvdDr4R","4233829","3/16/17 13:12","3/16/17 13:12","1",NA,"0","1",NA,NA,NA,NA,NA,NA,NA,NA,"3",NA,NA,NA,NA,NA,NA,NA,NA
"30","R_qwSKrlc9xxlM2bL","4232613","3/16/17 13:38","3/16/17 13:38","1",NA,"0","0",NA,NA,NA,NA,NA,NA,NA,NA,NA,"5",NA,NA,NA,NA,NA,NA,NA
"31","R_1BQJkajNNzfzLAI","4236713","3/16/17 13:38","3/16/17 13:38","1",NA,"0","0",NA,NA,NA,NA,NA,NA,NA,NA,NA,"2",NA,NA,NA,NA,NA,NA,NA
"32","R_bvf9Ac9VQTOXo4h","4232910","3/16/17 13:38","3/16/17 13:39","1",NA,"0","0",NA,NA,NA,NA,NA,NA,NA,NA,NA,"1",NA,NA,NA,NA,NA,NA,NA
"33","R_24uQENKdYkG9YqH","4232055","3/16/17 13:38","3/16/17 13:39","1",NA,"0","1",NA,NA,NA,NA,NA,NA,NA,NA,"1",NA,NA,NA,NA,NA,NA,NA,NA
"34","R_11aUROIZ4wwURYT","4231103","3/16/17 13:38","3/16/17 13:39","1",NA,"1","0",NA,NA,NA,NA,"1","1","1","5",NA,NA,NA,1,5,NA,NA,NA,NA
"35","R_10D9Lg5fVZviML4","4238479","3/16/17 13:38","3/16/17 13:39","1",NA,"0","1",NA,NA,NA,NA,NA,NA,NA,NA,"0",NA,NA,NA,NA,NA,NA,NA,NA
"36","R_2xJHajb823lax3L","4233873","3/16/17 13:38","3/16/17 13:40","1",NA,"1","0",NA,NA,NA,NA,"1","5","540","2",NA,NA,"Very hard.",540,2,NA,NA,NA,NA
"37","R_1dy40lnBGlTIEUv","4231889","3/16/17 13:38","3/16/17 13:42","1",NA,"1","1","1","1","549","2",NA,NA,NA,NA,NA,NA,"Very interesting",549,2,NA,NA,NA,NA
"38","R_3MlLFZxwzGiRwBM","4232312","3/17/17 11:32","3/17/17 11:33","1",NA,"0","1",NA,NA,NA,NA,NA,NA,NA,NA,"6",NA,NA,NA,NA,NA,NA,NA,NA
"39","R_pzXd3GBsw2aogLf","4238653","3/17/17 11:33","3/17/17 11:34","1",NA,"1","0",NA,NA,NA,NA,"1","1","532","1",NA,NA,NA,532,1,NA,NA,NA,NA
"40","R_3fl3xGz0Ihu3Msx","4232571","3/17/17 11:30","3/17/17 11:35","1",NA,"1","1","1","1","496","0",NA,NA,NA,NA,NA,NA,NA,496,0,NA,NA,NA,NA
"41","R_1Egpl3vEdbIxBJF","4232606","3/17/17 11:33","3/17/17 11:38","1",NA,"1","0",NA,NA,NA,NA,"1","7","474","2",NA,NA,NA,474,2,NA,NA,NA,NA
"42","R_2xxEZD7eZxZ5tv1","4231604","3/17/17 12:51","3/17/17 12:52","1",NA,"1","1","1","1","564","1",NA,NA,NA,NA,NA,NA,NA,564,1,NA,NA,NA,NA
"43","R_2c2cfitw5LudZtm","4236224","3/17/17 12:51","3/17/17 12:53","1",NA,"1","1","1","4","546","5",NA,NA,NA,NA,NA,NA,NA,546,5,NA,NA,NA,NA
"44","R_3FLL7Y7Bmtgwpjv","4234567","3/17/17 12:54","3/17/17 12:54","1",NA,"0","0",NA,NA,NA,NA,NA,NA,NA,NA,NA,"3",NA,NA,NA,NA,NA,NA,NA
"45","R_1jf6kJ0NDKfUwZQ","4239869","3/17/17 12:54","3/17/17 12:55","1",NA,"0","1",NA,NA,NA,NA,NA,NA,NA,NA,"2",NA,"a little longer waiting between different studies",NA,NA,NA,NA,NA,NA
"46","R_0rLVEKMvgMM2QFz","4236735","3/17/17 12:53","3/17/17 12:55","1",NA,"1","0",NA,NA,NA,NA,"1","1","564","3",NA,NA,NA,564,3,NA,NA,NA,NA
"47","R_32QLIIIA7IWfA09","4238574","3/17/17 12:53","3/17/17 12:55","1",NA,"0","1",NA,NA,NA,NA,NA,NA,NA,NA,"1",NA,NA,NA,NA,NA,NA,NA,NA
"48","R_AdEY46qwkH0YptD","4236586","3/17/17 12:56","3/17/17 12:57","1",NA,"0","1",NA,NA,NA,NA,NA,NA,NA,NA,"1",NA,NA,NA,NA,NA,NA,NA,NA
"49","R_2aftj0GvRtQ3mr8","4239803","3/17/17 12:56","3/17/17 12:58","1",NA,"0","0",NA,NA,NA,NA,NA,NA,NA,NA,NA,"2",NA,NA,NA,NA,NA,NA,NA
"50","R_3maY5AScekcC4AJ","4237817","3/17/17 14:07","3/17/17 14:08","1",NA,"0","0",NA,NA,NA,NA,NA,NA,NA,NA,NA,"1",NA,NA,NA,NA,NA,NA,NA
"51","R_29cW11KBZwpVwYL","4236835","3/17/17 14:08","3/17/17 14:10","1",NA,"1","0",NA,NA,NA,NA,"1","3","520","0",NA,NA,NA,520,0,NA,NA,NA,NA
"52","R_3huaUmiZbBG3dSB","4230311","3/17/17 14:09","3/17/17 14:10","1",NA,"0","1",NA,NA,NA,NA,NA,NA,NA,NA,"1",NA,NA,NA,NA,NA,NA,NA,NA
"53","R_22zzrKr1spc3cZA","4232450","3/17/17 14:09","3/17/17 14:10","1",NA,"0","1",NA,NA,NA,NA,NA,NA,NA,NA,"3",NA,NA,NA,NA,NA,NA,NA,NA
"54","R_22J3XBbvna9oMIr","4235135","3/17/17 14:09","3/17/17 14:11","1",NA,"1","0",NA,NA,NA,NA,"1","1","550","0",NA,NA,NA,550,0,NA,NA,NA,NA
"55","R_6ESoyw1Pru39dE5","4239728","3/17/17 14:08","3/17/17 14:11","1",NA,"1","1","1","4","544","3",NA,NA,NA,NA,NA,NA,"THIS WAS SO HARD :O I now know that I am horrible at counting backwards in increments of 3!",544,3,NA,NA,NA,NA
"56","R_9FGlZmiQYGjmdbP","4239203","3/17/17 14:09","3/17/17 14:12","1",NA,"1","0",NA,NA,NA,NA,"1","1","555","2",NA,NA,"The reading and counting task was very hard and was very easy to lose track. Therefore, I found it hard to do both at once.",555,2,NA,NA,NA,NA
"57","R_1ILRUBDMqlnaE1P","4238904","3/17/17 14:13","3/17/17 14:15","1",NA,"0","1",NA,NA,NA,NA,NA,NA,NA,NA,"4",NA,"Was the first part of the study  regarding the two people studying about Implicit Bias on people? Like first impression bias, the halo effect, and things like that?",NA,NA,NA,NA,NA,NA
"58","R_3G9Uv9uXDG5zLfV","4236120","3/17/17 15:16","3/17/17 15:17","1",NA,"0","1",NA,NA,NA,NA,NA,NA,NA,NA,"1",NA,NA,NA,NA,NA,NA,NA,NA
"59","R_2tE8PefhsQCtyix","4234084","3/17/17 15:16","3/17/17 15:18","1",NA,"1","0",NA,NA,NA,NA,"1","5","564","0",NA,NA,NA,564,0,NA,NA,NA,NA
"60","R_reAWQcgb3y3TUZP","4238945","3/17/17 15:18","3/17/17 15:20","1",NA,"0","1",NA,NA,NA,NA,NA,NA,NA,NA,"2",NA,NA,NA,NA,NA,NA,NA,NA
"61","R_tSeRw2z4cIgmZ6p","4233117","3/17/17 14:54","3/17/17 15:20","1",NA,"0","1",NA,NA,NA,NA,NA,NA,NA,NA,"0",NA,NA,NA,NA,NA,NA,NA,NA
"62","R_1lmfLR9O56SPEHq","4234463","3/17/17 15:10","3/17/17 15:21","1",NA,"0","1",NA,NA,NA,NA,NA,NA,NA,NA,"2",NA,NA,NA,NA,NA,NA,NA,NA
"63","R_1lyIw0Zeed1zzmE","4238393","3/17/17 14:56","3/17/17 15:21","1",NA,"1","1","1","3","518","3",NA,NA,NA,NA,NA,NA,NA,518,3,NA,NA,NA,NA
"64","R_XLJeKysKsp7neHn","4230294","3/17/17 15:20","3/17/17 15:21","1",NA,"0","1",NA,NA,NA,NA,NA,NA,NA,NA,"2",NA,NA,NA,NA,NA,NA,NA,NA
"65","R_21BYZ1YKtWdVEaT","4230362","3/17/17 15:16","3/17/17 15:21","1",NA,"1","1","1","7","500","4",NA,NA,NA,NA,NA,NA,NA,500,4,NA,NA,NA,NA
"66","R_rkwCG5WNvab0Bxf","4234001","3/17/17 15:21","3/17/17 15:23","1",NA,"0","1",NA,NA,NA,NA,NA,NA,NA,NA,"3",NA,"More likely to get called on when sitting in the front or seeming extremely disengaged",NA,NA,NA,NA,NA,NA
"67","R_10GdYIMT7FiHJq0","4232879","3/17/17 15:24","3/17/17 15:43","1",NA,"0","0",NA,NA,NA,NA,NA,NA,NA,NA,NA,"2",NA,NA,NA,NA,NA,NA,NA
"68","R_cZ1Ka3MCvvw9MVH","4238935","3/17/17 15:24","3/17/17 15:44","1",NA,"0","1",NA,NA,NA,NA,NA,NA,NA,NA,"8",NA,"I really like the section that set for us! Thank you!",NA,NA,NA,NA,NA,NA
"69","R_bykljdda80Rtirn","4230749","3/17/17 15:24","3/17/17 15:46","1",NA,"0","0",NA,NA,NA,NA,NA,NA,NA,NA,NA,"2",NA,NA,NA,NA,NA,NA,NA
"70","R_1DGzOdIGfq1HlNz","4236135","3/17/17 11:30","3/17/17 11:47","0",NA,"0","0",NA,NA,NA,NA,NA,NA,NA,NA,NA,NA,NA,NA,NA,NA,NA,NA,NA
"71","R_ypRjmE5hMrL8htT","4238106","3/17/17 16:04","3/17/17 16:14","1",NA,"0","0",NA,NA,NA,NA,NA,NA,NA,NA,NA,"4","I hope to learn more about what the study is about and connecting the dots between the different activities and surveys.",NA,NA,NA,NA,NA,NA
"72","R_3ptpxm7BbI2SDRc","4232620","3/17/17 15:54","3/17/17 16:16","1",NA,"1","1","1","1","53","2",NA,NA,NA,NA,NA,NA,NA,53,2,NA,NA,NA,NA
"73","R_2TGDhMVqrhrVTVh","4238701","3/17/17 15:53","3/17/17 16:17","1",NA,"1","0",NA,NA,NA,NA,"1","7","540","1",NA,NA,"multi-task is difficult",540,1,NA,NA,NA,NA
"74","R_2f3sBj53zZjmWdl","4237399","3/17/17 16:27","3/17/17 16:28","1",NA,"0","1",NA,NA,NA,NA,NA,NA,NA,NA,"4",NA,NA,NA,NA,NA,NA,NA,NA
"75","R_1GE6qL7rJjX2s64","4234936","3/17/17 16:29","3/17/17 16:29","1",NA,"0","0",NA,NA,NA,NA,NA,NA,NA,NA,NA,"1",NA,NA,NA,NA,NA,NA,NA
"76","R_3IRHjnrNz5677CP","4234935","3/17/17 16:29","3/17/17 16:29","1",NA,"0","0",NA,NA,NA,NA,NA,NA,NA,NA,NA,"0",NA,NA,NA,NA,NA,NA,NA
"77","R_1DUqCnzuWPg00BR","4231549","3/17/17 16:28","3/17/17 16:30","1",NA,"1","0",NA,NA,NA,NA,"1","9","532","4",NA,NA,NA,532,4,NA,NA,NA,NA
"78","R_1pJxBUnFt7camly","4230318","3/17/17 16:28","3/17/17 16:30","1",NA,"1","1","1","2","534","4",NA,NA,NA,NA,NA,NA,NA,534,4,NA,NA,NA,NA
"79","R_3pm3re2Pmj4uNj5","4234234","3/22/17 15:37","3/22/17 16:14","1",NA,"0","0",NA,NA,NA,NA,NA,NA,NA,NA,NA,"2","very interesting",NA,NA,NA,NA,NA,NA
"80","R_3lVLdOv9zAvSZ6S","4234463","3/22/17 16:14","3/22/17 16:16","1",NA,"1","0",NA,NA,NA,NA,"1","2","261","1",NA,NA,NA,261,1,NA,NA,NA,NA
"81","R_1i8SPqgMENK8I1U","4235033","3/22/17 15:38","3/22/17 16:16","1",NA,"1","0",NA,NA,NA,NA,"1","1","552","1",NA,NA,NA,552,1,NA,NA,NA,NA
"82","R_3R3AvHX5ZrCJim5","4239463","3/22/17 16:18","3/22/17 16:41","1",NA,"0","0",NA,NA,NA,NA,NA,NA,NA,NA,NA,"1",NA,NA,NA,NA,NA,NA,NA
"83","R_3paqPmpV0hM3X5a","4236057","3/22/17 16:18","3/22/17 16:42","1",NA,"1","1","1","0","528","1",NA,NA,NA,NA,NA,NA,NA,528,1,NA,NA,NA,NA
"84","R_1F95X7Nrw9FV8Hd","4235215","3/22/17 16:18","3/22/17 16:42","1",NA,"0","0",NA,NA,NA,NA,NA,NA,NA,NA,NA,"0","I'm drawing from previous experience.",NA,NA,NA,NA,NA,NA
"85","R_22m4hcr0WnSaKJ5","4233793","3/22/17 16:46","3/22/17 17:19","1",NA,"0","0",NA,NA,NA,NA,NA,NA,NA,NA,NA,"6",NA,NA,NA,NA,NA,NA,NA
"86","R_1EiIYpWzMnQRY9L","4234048","3/22/17 16:46","3/22/17 17:19","1",NA,"0","1",NA,NA,NA,NA,NA,NA,NA,NA,"1",NA,NA,NA,NA,NA,NA,NA,NA
"87","R_1qb0Rmj2WPkQah3","4232382","3/22/17 16:46","3/22/17 17:22","1",NA,"0","1",NA,NA,NA,NA,NA,NA,NA,NA,"3",NA,NA,NA,NA,NA,NA,NA,NA
"88","R_1k2kix0QDeQFzoZ","4231101","3/24/17 14:59","3/24/17 15:17","1",NA,"0","0",NA,NA,NA,NA,NA,NA,NA,NA,NA,"0",NA,NA,NA,NA,NA,NA,NA
"89","R_1qXvpK0XwAGFxId","4233795","3/24/17 14:56","3/24/17 15:18","1",NA,"1","0",NA,NA,NA,NA,"1","7","7","5",NA,NA,NA,7,5,NA,NA,NA,NA
"90","R_26alNhpnSvkmjwn","4235353","3/24/17 15:16","3/24/17 15:19","1",NA,"1","0",NA,NA,NA,NA,"1","5","553","2",NA,NA,NA,553,2,NA,NA,NA,NA
"91","R_2DZT3IL8ltpTqoI","4232828","3/24/17 15:36","3/24/17 16:08","1",NA,"0","1",NA,NA,NA,NA,NA,NA,NA,NA,"0",NA,NA,NA,NA,NA,NA,NA,NA
"92","R_11aPGctLepBkt29","4230010","3/24/17 15:36","3/24/17 16:22","1",NA,"1","1","1","0","501","0",NA,NA,NA,NA,NA,NA,NA,501,0,NA,NA,NA,NA
"93","R_1DBibECZvj64afr","4232060","3/24/17 15:35","3/24/17 16:24","1",NA,"0","0",NA,NA,NA,NA,NA,NA,NA,NA,NA,"6",NA,NA,NA,NA,NA,NA,NA
"94","R_PtYcMYWtg7PhzTH","4232713","3/24/17 16:27","3/24/17 16:45","1",NA,"0","0",NA,NA,NA,NA,NA,NA,NA,NA,NA,"0",NA,NA,NA,NA,NA,NA,NA
"95","R_2e2xDwt25G6B35U","4231111","3/24/17 16:27","3/24/17 16:45","1",NA,"0","1",NA,NA,NA,NA,NA,NA,NA,NA,"7",NA,NA,NA,NA,NA,NA,NA,NA
"96","R_3LdwteGFzqjo89u","4234115","3/24/17 16:27","3/24/17 16:46","1",NA,"1","0",NA,NA,NA,NA,"1","1","531","0",NA,NA,NA,531,0,NA,NA,NA,NA
"97","R_2rjeH4XckwUyrK5","4238269","4/4/17 11:33","4/4/17 11:35","1",NA,"1","1","1","7","518","3",NA,NA,NA,NA,NA,NA,NA,518,3,NA,NA,NA,NA
"98","R_6G2QIAJZbyIh4RP","4231051","4/4/17 11:33","4/4/17 11:36","1",NA,"1","1","1","7","520","3",NA,NA,NA,NA,NA,NA,"Paying attention to the details in the reading (ex. where the student was sitting) was a lot harder to remember than the generic info because of the counting.",520,3,NA,NA,NA,NA
"99","R_3n0joeLrv6ru5QW","4230107","4/4/17 11:38","4/4/17 11:42","1",NA,"1","1","1","1","507","3",NA,NA,NA,NA,NA,NA,NA,507,3,NA,NA,NA,NA
"100","R_1MM9DBnbm0rMIgZ","4236200","4/4/17 13:00","4/4/17 13:00","1",NA,"0","0",NA,NA,NA,NA,NA,NA,NA,NA,NA,"2",NA,NA,NA,NA,NA,NA,NA
"101","R_3CPjJlf2ImaXT5J","4234593","4/4/17 12:59","4/4/17 13:00","1",NA,"0","0",NA,NA,NA,NA,NA,NA,NA,NA,NA,"3",NA,NA,NA,NA,NA,NA,NA
"102","R_2wjbE5kahjwnrNf","4234652","4/4/17 12:59","4/4/17 13:01","1",NA,"0","0",NA,NA,NA,NA,NA,NA,NA,NA,NA,"3",NA,NA,NA,NA,NA,NA,NA
"103","R_1gOBHRVP2u5pOOv","4232345","4/4/17 12:58","4/4/17 13:01","1",NA,"1","1","1","3","531","4",NA,NA,NA,NA,NA,NA,"Reading is easier than counting backwards so I let that be more on autopilot",531,4,NA,NA,NA,NA
"104","R_z1qdO8qgaC4onbb","4237938","4/4/17 13:00","4/4/17 13:02","1",NA,"0","0",NA,NA,NA,NA,NA,NA,NA,NA,NA,"0",NA,NA,NA,NA,NA,NA,NA
"105","R_3ktgRaDl1CjZoZI","4236805","4/4/17 16:02","4/4/17 16:04","1",NA,"0","0",NA,NA,NA,NA,NA,NA,NA,NA,NA,"7",NA,NA,NA,NA,NA,NA,NA
"106","R_21yoSvTm4gEJfhf","4238723","4/4/17 16:02","4/4/17 16:04","1",NA,"1","1","1","5","561","0",NA,NA,NA,NA,NA,NA,NA,561,0,NA,NA,NA,NA
"107","R_3fP0PbVHhHfOgrE","4235521","4/4/17 16:04","4/4/17 16:05","1",NA,"0","1",NA,NA,NA,NA,NA,NA,NA,NA,"2",NA,NA,NA,NA,NA,NA,NA,NA
"108","R_2EbKa7TEmqT2eak","4231977","4/4/17 16:04","4/4/17 16:06","1",NA,"1","1","1","5","11","4",NA,NA,NA,NA,NA,NA,"no",11,4,NA,NA,NA,NA
"109","R_ZI8hX8YXHM1cxAB","4230172","4/5/17 14:56","4/5/17 14:57","1",NA,"0","1",NA,NA,NA,NA,NA,NA,NA,NA,"1",NA,NA,NA,NA,NA,NA,NA,NA
"110","R_3L74RSnFAh7RoqF","4234730","4/5/17 14:55","4/5/17 14:57","1",NA,"1","0",NA,NA,NA,NA,"1","1","3","1",NA,NA,NA,3,1,NA,NA,NA,NA
"111","R_8vIKygfge9hCB21","4236103","4/5/17 15:28","4/5/17 15:42","1",NA,"1","0",NA,NA,NA,NA,"1","1","531","4",NA,NA,NA,531,4,NA,NA,NA,NA
"112","R_1DFQ1vAn7hJSZAh","4239413","4/5/17 15:27","4/5/17 15:42","1",NA,"0","0",NA,NA,NA,NA,NA,NA,NA,NA,NA,"1","nope",NA,NA,NA,NA,NA,NA
"113","R_vN2ceJYYRhi71Kx","4232123","4/5/17 15:27","4/5/17 15:43","1",NA,"1","0",NA,NA,NA,NA,"1","3","561","1",NA,NA,NA,561,1,NA,NA,NA,NA
"114","R_2qEl2fyHJ5wC5tR","4238290","4/5/17 15:47","4/5/17 16:16","1",NA,"0","1",NA,NA,NA,NA,NA,NA,NA,NA,"5",NA,NA,NA,NA,NA,NA,NA,NA
"115","R_3hbaIv2cTgUm63n","4233180","4/5/17 15:48","4/5/17 16:17","1",NA,"1","0",NA,NA,NA,NA,"1","1","4","6",NA,NA,NA,4,6,NA,NA,NA,NA
"116","R_24FNCYbIKGGIy0u","4232325","4/5/17 15:47","4/5/17 16:18","1",NA,"1","0",NA,NA,NA,NA,"1","6","552","5",NA,NA,NA,552,5,NA,NA,NA,NA
"117","R_2zwfHdUrIlglOwA","4239095","4/5/17 16:25","4/5/17 16:25","1",NA,"0","1",NA,NA,NA,NA,NA,NA,NA,NA,"4",NA,NA,NA,NA,NA,NA,NA,NA
"118","R_1gtoJurM4NggpMS","4232234","4/5/17 16:28","4/5/17 16:28","1",NA,"0","1",NA,NA,NA,NA,NA,NA,NA,NA,"5",NA,NA,NA,NA,NA,NA,NA,NA
"119","R_1FqucPJ1D2RaiKl","4237512","4/5/17 16:25","4/5/17 16:29","1",NA,"1","0",NA,NA,NA,NA,"1","5","550","3",NA,NA,NA,550,3,NA,NA,NA,NA
"120","R_2dK14pF9W4usLaj","4235576","4/5/17 16:25","4/5/17 16:29","1",NA,"1","1","1","0","550","0",NA,NA,NA,NA,NA,NA,NA,550,0,NA,NA,NA,NA
"121","R_2c7REuTcDQ7iE96","4231594","4/5/17 16:59","4/5/17 17:15","1",NA,"1","0",NA,NA,NA,NA,"1","1","564","1",NA,NA,NA,564,1,NA,NA,NA,NA
"122","R_2TRwTdv8z7B7uxj","4232645","4/5/17 16:59","4/5/17 17:16","1",NA,"0","1",NA,NA,NA,NA,NA,NA,NA,NA,"1",NA,NA,NA,NA,NA,NA,NA,NA
"123","R_3HSPy6OmMuGDYUD","4235293","4/5/17 16:59","4/5/17 17:16","1",NA,"1","1","1","5","34","1",NA,NA,NA,NA,NA,NA,"None",34,1,NA,NA,NA,NA
"124","R_9RbBe9BnbXS5HiN","4236626","4/5/17 17:21","4/5/17 17:46","1",NA,"1","1","1","8","543","1",NA,NA,NA,NA,NA,NA,"I started counting and then lost count once I started reading so then by the end of the paragraph, my attention went from counting to reading.",543,1,NA,NA,NA,NA
"125","R_1NanvfeJegVfWhx","4233977","4/5/17 17:21","4/5/17 17:47","1",NA,"1","1","1","5","537","0",NA,NA,NA,NA,NA,NA,NA,537,0,NA,NA,NA,NA
"126","R_vN1LiCc634gbbtT","4236007","4/5/17 17:21","4/5/17 17:48","1",NA,"1","1","1","2","561","1",NA,NA,NA,NA,NA,NA,"I cant count and read at the same time",561,1,NA,NA,NA,NA
"127","R_10Yh9Xg7lmGzFMV","4238366","4/6/17 13:33","4/6/17 13:35","1",NA,"0","0",NA,NA,NA,NA,NA,NA,NA,NA,NA,"1",NA,NA,NA,NA,NA,NA,NA
"128","R_2tDu1bgkTY2sjuL","4234061","4/6/17 13:34","4/6/17 13:35","1",NA,"0","0",NA,NA,NA,NA,NA,NA,NA,NA,NA,"1",NA,NA,NA,NA,NA,NA,NA
"129","R_2TuEYR0lGGXc8P7","4237636","4/6/17 13:33","4/6/17 13:35","1",NA,"0","0",NA,NA,NA,NA,NA,NA,NA,NA,NA,"2",NA,NA,NA,NA,NA,NA,NA
"130","R_OkeL5hUAKZcBWVz","4239693","4/6/17 13:35","4/6/17 13:38","1",NA,"0","0",NA,NA,NA,NA,NA,NA,NA,NA,NA,"1",NA,NA,NA,NA,NA,NA,NA
"131","R_1OPjt5VH6PfADEf","4238027","4/7/17 14:37","4/7/17 14:49","1",NA,"0","0",NA,NA,NA,NA,NA,NA,NA,NA,NA,"6","no",NA,NA,NA,NA,NA,NA
"132","R_3HC68oAqxvJI11Z","4233665","4/7/17 14:34","4/7/17 14:50","1",NA,"0","1",NA,NA,NA,NA,NA,NA,NA,NA,"2",NA,NA,NA,NA,NA,NA,NA,NA
"133","R_1gT8kxRv1F8fLOq","4233706","4/7/17 14:33","4/7/17 14:52","1",NA,"1","0",NA,NA,NA,NA,"1","0","543","4",NA,NA,NA,543,4,NA,NA,NA,NA
"134","R_1P5kXcyOeXC8hhx","4238124","4/7/17 14:53","4/7/17 15:19","1",NA,"0","0",NA,NA,NA,NA,NA,NA,NA,NA,NA,"2",NA,NA,NA,NA,NA,NA,NA
"135","R_1f0Nw9SQsGTmVmA","4239360","4/7/17 15:05","4/7/17 15:22","1",NA,"1","0",NA,NA,NA,NA,"1","1","504","3",NA,NA,"No comments.",504,3,NA,NA,NA,NA
"136","R_2b2lebFOYewdEz2","4233944","4/7/17 15:01","4/7/17 15:24","1",NA,"1","1","1","8","558","1",NA,NA,NA,NA,NA,NA,NA,558,1,NA,NA,NA,NA
"137","R_dncJ16XJognKFBT","4237103","4/7/17 15:31","4/7/17 15:50","1",NA,"0","1",NA,NA,NA,NA,NA,NA,NA,NA,"1",NA,NA,NA,NA,NA,NA,NA,NA
"138","R_RKVruMFOtKmYEnv","4235679","4/7/17 15:32","4/7/17 15:51","1",NA,"0","1",NA,NA,NA,NA,NA,NA,NA,NA,"6",NA,NA,NA,NA,NA,NA,NA,NA
"139","R_Rss1rFaVnRx2yFX","4230141","4/7/17 15:36","4/7/17 15:51","1",NA,"0","1",NA,NA,NA,NA,NA,NA,NA,NA,"5",NA,NA,NA,NA,NA,NA,NA,NA
"140","R_3EckqTkY9vrRwWW","4232284","4/7/17 16:07","4/7/17 16:21","1",NA,"0","1",NA,NA,NA,NA,NA,NA,NA,NA,"2",NA,NA,NA,NA,NA,NA,NA,NA
"141","R_10UzJTAT32K1N0T","4237920","4/7/17 16:08","4/7/17 16:23","1",NA,"1","0",NA,NA,NA,NA,"1","2","543","1",NA,NA,NA,543,1,NA,NA,NA,NA
"142","R_207Fc3FPqsMaRGx","4232201","4/7/17 16:08","4/7/17 16:24","1",NA,"1","1","1","4","550","3",NA,NA,NA,NA,NA,NA,NA,550,3,NA,NA,NA,NA
"143","R_3L6Dk56zMqH3g5y","4235029","4/7/17 16:39","4/7/17 16:50","1",NA,"0","0",NA,NA,NA,NA,NA,NA,NA,NA,NA,"4","Thaank you!",NA,NA,NA,NA,NA,NA
"144","R_3mged4XHSDnAr3s","4238421","4/7/17 16:39","4/7/17 16:51","1",NA,"0","0",NA,NA,NA,NA,NA,NA,NA,NA,NA,"2","I enjoyed the study",NA,NA,NA,NA,NA,NA
"145","R_3JlpQQViveVC2Rq","4239690","4/7/17 16:37","4/7/17 16:52","1",NA,"1","0",NA,NA,NA,NA,"1","2","520","0",NA,NA,NA,520,0,NA,NA,NA,NA
"146","R_1DSash7YJJzg5De","4236199","4/10/17 11:59","4/10/17 12:00","1",NA,"0","1",NA,NA,NA,NA,NA,NA,NA,NA,"1",NA,NA,NA,NA,NA,NA,NA,NA
"147","R_11cQkWu9wNsrzEd","4237102","4/10/17 12:00","4/10/17 12:03","1",NA,"0","0",NA,NA,NA,NA,NA,NA,NA,NA,NA,"0",NA,NA,NA,NA,NA,NA,NA
"148","R_xsgx6IyJvJYMcKt","4233759","4/10/17 12:03","4/10/17 12:03","1",NA,"1","1","1","2","534","3",NA,NA,NA,NA,NA,NA,"No comments",534,3,NA,NA,NA,NA
"149","R_28IMhYue6NpNgHs","4239470","4/10/17 12:03","4/10/17 12:04","1",NA,"0","0",NA,NA,NA,NA,NA,NA,NA,NA,NA,"6","Do not make eye contacts with the professor at this moment.",NA,NA,NA,NA,NA,NA
"150","R_3q7oiNUqhCswHgV","4234217","4/10/17 12:02","4/10/17 12:07","1",NA,"1","1","1","7","541","2",NA,NA,NA,NA,NA,NA,"It was definitely challenging to receive information and attempt to process unrelated information simultaneously.",541,2,NA,NA,NA,NA
"151","R_1q4Ka37wFZsBtOs","4234305","4/11/17 16:02","4/11/17 16:03","1",NA,"0","0",NA,NA,NA,NA,NA,NA,NA,NA,NA,"0",NA,NA,NA,NA,NA,NA,NA
"152","R_32RYyhXuMBI0sEw","4233464","4/11/17 16:02","4/11/17 16:04","1",NA,"1","0",NA,NA,NA,NA,"1","4","4","3",NA,NA,NA,4,3,NA,NA,NA,NA
"153","R_3qgO7X8V4UofdNo","4231842","4/11/17 16:02","4/11/17 16:05","1",NA,"1","1","1","6","541","1",NA,NA,NA,NA,NA,NA,NA,541,1,NA,NA,NA,NA
"154","R_12Av6MNTy3RBSSf","4232600","4/11/17 16:03","4/11/17 16:07","1",NA,"1","1","1","6","504","1",NA,NA,NA,NA,NA,NA,NA,504,1,NA,NA,NA,NA
"155","R_31t44A5VlNvOFAB","4234770","4/11/17 16:04","4/11/17 16:07","1",NA,"1","0",NA,NA,NA,NA,"1","3","555","0",NA,NA,NA,555,0,NA,NA,NA,NA
"156","R_2eakZu0SPyupSMu","4239566","4/12/17 15:32","4/12/17 15:51","1",NA,"0","0",NA,NA,NA,NA,NA,NA,NA,NA,NA,"6",NA,NA,NA,NA,NA,NA,NA
"157","R_1g5UEhoYRojDTrc","4236061","4/12/17 15:54","4/12/17 15:58","1",NA,"0","1",NA,NA,NA,NA,NA,NA,NA,NA,"1",NA,NA,NA,NA,NA,NA,NA,NA
"158","R_3r2qmYzQPnhVjLD","4232056","4/12/17 15:46","4/12/17 16:00","1",NA,"0","0",NA,NA,NA,NA,NA,NA,NA,NA,NA,"2","None",NA,NA,NA,NA,NA,NA
"159","R_32WMjHuMIs4S8p1","4230495","4/12/17 16:03","4/12/17 16:18","1",NA,"1","1","1","1","514","1",NA,NA,NA,NA,NA,NA,NA,514,1,NA,NA,NA,NA
"160","R_1EXMbQjADuucE4D","4233126","4/12/17 16:02","4/12/17 16:20","1",NA,"0","1",NA,NA,NA,NA,NA,NA,NA,NA,"3",NA,NA,NA,NA,NA,NA,NA,NA
"161","R_1KiQLgJt2t4y7FN","4239859","4/12/17 16:03","4/12/17 16:20","1",NA,"1","1","1","1","531","4",NA,NA,NA,NA,NA,NA,NA,531,4,NA,NA,NA,NA
"162","R_3rSVGCApsG9Iw3h","4239300","4/12/17 16:30","4/12/17 16:45","1",NA,"0","0",NA,NA,NA,NA,NA,NA,NA,NA,NA,"1",NA,NA,NA,NA,NA,NA,NA
"163","R_2s1jUkjTg2OgVTX","4230815","4/12/17 16:27","4/12/17 16:45","1",NA,"0","0",NA,NA,NA,NA,NA,NA,NA,NA,NA,"5",NA,NA,NA,NA,NA,NA,NA
"164","R_3I3H2YJ7YcZw1q6","4235151","4/12/17 16:31","4/12/17 16:46","1",NA,"1","0",NA,NA,NA,NA,"1","4","549","1",NA,NA,NA,549,1,NA,NA,NA,NA
"165","R_2rJwCz42tesMQjB","4231527","4/12/17 16:59","4/12/17 17:17","1",NA,"0","0",NA,NA,NA,NA,NA,NA,NA,NA,NA,"1",NA,NA,NA,NA,NA,NA,NA
"166","R_56WJhhTec140U5r","4231558","4/12/17 17:01","4/12/17 17:18","1",NA,"0","1",NA,NA,NA,NA,NA,NA,NA,NA,"1",NA,NA,NA,NA,NA,NA,NA,NA
"167","R_1HbKuHtdaiQpJFP","4236122","4/12/17 17:01","4/12/17 17:18","1",NA,"0","0",NA,NA,NA,NA,NA,NA,NA,NA,NA,"0",NA,NA,NA,NA,NA,NA,NA
"168","R_vGNeR3hlecctj2N","4231830","4/12/17 17:33","4/12/17 17:48","1",NA,"0","0",NA,NA,NA,NA,NA,NA,NA,NA,NA,"1",NA,NA,NA,NA,NA,NA,NA
"169","R_2wuHR4posUcnw1u","4233084","4/12/17 17:31","4/12/17 17:48","1",NA,"1","0",NA,NA,NA,NA,"1","2","540","2",NA,NA,"I used my fingers to count so that my mind did not have to (as actively) count",540,2,NA,NA,NA,NA
"170","R_3IPHfaL89JSCiGI","4233046","4/12/17 17:33","4/12/17 17:49","1",NA,"1","1","1","4","548","1",NA,NA,NA,NA,NA,NA,"It was extremely difficult for me to perform both tasks simultaneously",548,1,NA,NA,NA,NA
"171","R_21jsmEUA6WMgqYY","4236420","4/14/17 10:59","4/14/17 10:59","1",NA,"0","1",NA,NA,NA,NA,NA,NA,NA,NA,"4",NA,NA,NA,NA,NA,NA,NA,NA
"172","R_3NC0yl9nVuCsl3s","4232406","4/14/17 10:59","4/14/17 11:00","1",NA,"0","1",NA,NA,NA,NA,NA,NA,NA,NA,"6",NA,NA,NA,NA,NA,NA,NA,NA
"173","R_3EieyCAYfCFjLn1","4236302","4/14/17 10:59","4/14/17 11:00","1",NA,"1","1","1","7","540","1",NA,NA,NA,NA,NA,NA,NA,540,1,NA,NA,NA,NA
"174","R_1PTRLd5ChRBZwCE","4239290","4/14/17 10:59","4/14/17 11:01","1",NA,"1","0",NA,NA,NA,NA,"1","1","561","0",NA,NA,NA,561,0,NA,NA,NA,NA
"175","R_es8xoIYnMF4u7TP","4235114","4/14/17 14:15","4/14/17 14:45","1",NA,"0","0",NA,NA,NA,NA,NA,NA,NA,NA,NA,"5",NA,NA,NA,NA,NA,NA,NA
"176","R_22RFhRZUo480NS4","4235952","4/14/17 14:14","4/14/17 14:45","1",NA,"0","1",NA,NA,NA,NA,NA,NA,NA,NA,"1",NA,NA,NA,NA,NA,NA,NA,NA
"177","R_sUaGXfc03syl9Pr","4235638","4/14/17 14:15","4/14/17 14:46","1",NA,"0","0",NA,NA,NA,NA,NA,NA,NA,NA,NA,"1",NA,NA,NA,NA,NA,NA,NA
"178","R_3EG38NQqzlhL0Qw","4236039","4/14/17 14:58","4/14/17 15:15","1",NA,"0","1",NA,NA,NA,NA,NA,NA,NA,NA,"4",NA,NA,NA,NA,NA,NA,NA,NA
"179","R_2TQPbL9glGLbtLb","4239070","4/14/17 14:58","4/14/17 15:15","1",NA,"0","0",NA,NA,NA,NA,NA,NA,NA,NA,NA,"2",NA,NA,NA,NA,NA,NA,NA
"180","R_3HFVH69pHfC1Los","4232882","4/14/17 14:57","4/14/17 15:16","1",NA,"1","1","1","5","543","1",NA,NA,NA,NA,NA,NA,"Difficulty reading and counting simultaneously",543,1,NA,NA,NA,NA
"181","R_3oGDqjOLReUZmGY","4239823","4/14/17 15:29","4/14/17 15:48","1",NA,"0","1",NA,NA,NA,NA,NA,NA,NA,NA,"1",NA,NA,NA,NA,NA,NA,NA,NA
"182","R_23PaJ7Ncl0l6vyV","4233790","4/14/17 15:29","4/14/17 15:50","1",NA,"1","1","1","1","540","3",NA,NA,NA,NA,NA,NA,"I kept switching back and forth between the reading and the counting and don't believe I did either well...",540,3,NA,NA,NA,NA
"183","R_2AYDhUKpqmiaDd1","4232336","4/14/17 16:01","4/14/17 16:47","1",NA,"0","0",NA,NA,NA,NA,NA,NA,NA,NA,NA,"1",NA,NA,NA,NA,NA,NA,NA
"184","R_1hGaZQL6oIyVFCz","4233969","4/14/17 16:04","4/14/17 16:48","1",NA,"1","0",NA,NA,NA,NA,"1","1","525","4",NA,NA,NA,525,4,NA,NA,NA,NA
"185","R_1mgdVSWCHPACRLl","4238281","4/14/17 16:03","4/14/17 16:50","1",NA,"1","0",NA,NA,NA,NA,"1","5","548","4",NA,NA,"I do not believe I did either task very well or quickly.",548,4,NA,NA,NA,NA
"186","R_3lX0UxCcysjqjl1","4237525","2/1/17 11:54","2/1/17 16:05","1",NA,"0","0",NA,NA,NA,NA,NA,NA,NA,NA,NA,"2",NA,NA,NA,NA,NA,NA,NA
"187","R_2zzIQ9bpx0uPR3B","4235317","2/1/17 11:56","2/1/17 16:05","1",NA,"0","1",NA,NA,NA,NA,NA,NA,NA,NA,"2",NA,NA,NA,NA,NA,NA,NA,NA
"188","R_W8SEDKg0fkSNCzD","4230367","2/1/17 11:55","2/1/17 16:05","1",NA,"0","0",NA,NA,NA,NA,NA,NA,NA,NA,NA,"6",NA,NA,NA,NA,NA,NA,NA
"189","R_2ZTWxc7cJqgpg2W","4234596","2/1/17 12:01","2/1/17 16:05","1",NA,"0","0",NA,NA,NA,NA,NA,NA,NA,NA,NA,"0",NA,NA,NA,NA,NA,NA,NA
"190","R_xgrLuAmf3FDOggN","4235106","2/1/17 11:50","2/1/17 16:05","1",NA,"1","1","1","1","543","5",NA,NA,NA,NA,NA,NA,NA,543,5,NA,NA,NA,NA
"191","R_3s4waYAznZRsngs","4232147","2/1/17 11:56","2/1/17 16:06","1",NA,"0","0",NA,NA,NA,NA,NA,NA,NA,NA,NA,"5",NA,NA,NA,NA,NA,NA,NA
"192","R_3QFVVPIXN1ov2Dg","4233451","2/1/17 12:01","2/1/17 16:06","1",NA,"1","0",NA,NA,NA,NA,"1","6","528","5",NA,NA,NA,528,5,NA,NA,NA,NA
"193","R_1I5Ewi0diQOOh0F","4230397","2/2/17 12:08","2/2/17 16:04","1",NA,"0","1",NA,NA,NA,NA,NA,NA,NA,NA,"5",NA,NA,NA,NA,NA,NA,NA,NA
"194","R_11cDfN4JkeeN281","4236332","2/2/17 12:09","2/2/17 16:04","1",NA,"0","1",NA,NA,NA,NA,NA,NA,NA,NA,"2",NA,NA,NA,NA,NA,NA,NA,NA
"195","R_2y3EhtihpEJuOTl","4235688","2/2/17 12:10","2/2/17 16:04","1",NA,"0","1",NA,NA,NA,NA,NA,NA,NA,NA,"1",NA,NA,NA,NA,NA,NA,NA,NA
"196","R_0v1xdQHd2Qp1T5T","4234622","2/2/17 12:08","2/2/17 16:05","1",NA,"0","1",NA,NA,NA,NA,NA,NA,NA,NA,"1",NA,NA,NA,NA,NA,NA,NA,NA
"197","R_32XAo1w6A2pfFcF","4231373","2/2/17 12:07","2/2/17 16:05","1",NA,"0","0",NA,NA,NA,NA,NA,NA,NA,NA,NA,"7",NA,NA,NA,NA,NA,NA,NA
"198","R_3g7boWHjmZrAqE1","4231463","2/2/17 12:06","2/2/17 16:06","1",NA,"1","0",NA,NA,NA,NA,"1","5","534","1",NA,NA,NA,534,1,NA,NA,NA,NA
"199","R_2y7KhwSQA473AGq","4238173","2/2/17 12:07","2/2/17 16:07","1",NA,"1","0",NA,NA,NA,NA,"1","5","525","3",NA,NA,NA,525,3,NA,NA,NA,NA
"200","R_1pQJrowNKYwjZor","4239421","2/2/17 12:08","2/2/17 16:07","1",NA,"1","0",NA,NA,NA,NA,"1","1","492","1",NA,NA,NA,492,1,NA,NA,NA,NA
"201","R_D1RNQ7jeBNruD3r","4231090","2/2/17 12:07","2/2/17 16:07","1",NA,"1","0",NA,NA,NA,NA,"1","2","540","2",NA,NA,NA,540,2,NA,NA,NA,NA
"202","R_21Ht3z1wbPUcT4w","4238075","2/3/17 10:04","2/3/17 11:02","1",NA,"0","0",NA,NA,NA,NA,NA,NA,NA,NA,NA,"0",NA,NA,NA,NA,NA,NA,NA
"203","R_2919BSwJExF8Ot7","4231225","2/3/17 10:03","2/3/17 11:02","1",NA,"0","0",NA,NA,NA,NA,NA,NA,NA,NA,NA,"2",NA,NA,NA,NA,NA,NA,NA
"204","R_2PdHwt31Bm0skAY","4234380","2/3/17 10:04","2/3/17 11:03","1",NA,"1","1","1","2","2","1",NA,NA,NA,NA,NA,NA,NA,2,1,NA,NA,NA,NA
"205","R_2EiChp5a3DHK8Lc","4238666","2/3/17 10:03","2/3/17 11:06","1",NA,"1","0",NA,NA,NA,NA,"1","3","555","1",NA,NA,NA,555,1,NA,NA,NA,NA
"206","R_wOhf0cXEbcVhK5r","4235136","2/3/17 10:03","2/3/17 11:44","1",NA,"0","1",NA,NA,NA,NA,NA,NA,NA,NA,"3",NA,NA,NA,NA,NA,NA,NA,NA
"207","R_24nH2bJe9AAmtVJ","4238518","2/3/17 10:03","2/3/17 11:46","1",NA,"1","1","1","5","549","1",NA,NA,NA,NA,NA,NA,NA,549,1,NA,NA,NA,NA
"208","R_SYH0Ku2NfH9rQkh","4230325","2/3/17 11:29","2/3/17 12:29","1",NA,"0","0",NA,NA,NA,NA,NA,NA,NA,NA,NA,"2",NA,NA,NA,NA,NA,NA,NA
"209","R_dg4utz13fkNaApP","4239945","2/3/17 10:02","2/3/17 12:31","1",NA,"1","1","1","5","546","5",NA,NA,NA,NA,NA,NA,NA,546,5,NA,NA,NA,NA
"210","R_1laX0YKO1RWiuA0","4231449","2/9/17 15:46","2/9/17 16:17","1",NA,"0","0",NA,NA,NA,NA,NA,NA,NA,NA,NA,"2",NA,NA,NA,NA,NA,NA,NA
"211","R_3fpEnsptL8cYReJ","4236552","2/9/17 15:45","2/9/17 16:17","1",NA,"1","0",NA,NA,NA,NA,"1","1","0","5",NA,NA,NA,0,5,NA,NA,NA,NA
"212","R_3F29Ds6mtWKFniA","4231661","2/9/17 15:47","2/9/17 16:17","1",NA,"1","1","1","7","540","3",NA,NA,NA,NA,NA,NA,NA,540,3,NA,NA,NA,NA
"213","R_1mw1BcZunWXdo0r","4230512","2/9/17 15:46","2/9/17 16:18","1",NA,"1","1","1","6","528","3",NA,NA,NA,NA,NA,NA,NA,528,3,NA,NA,NA,NA
"214","R_1MZowLbnUsy5lum","4233671","2/9/17 15:47","2/9/17 16:18","1",NA,"1","0",NA,NA,NA,NA,"1","2","534","3",NA,NA,NA,534,3,NA,NA,NA,NA
"215","R_2PqlJxkFETF49lX","4236909","2/9/17 15:45","2/9/17 16:18","1",NA,"0","1",NA,NA,NA,NA,NA,NA,NA,NA,"6",NA,NA,NA,NA,NA,NA,NA,NA
"216","R_1reJ2cwHVcRdx02","4231894","2/9/17 15:45","2/9/17 16:19","1",NA,"1","0",NA,NA,NA,NA,"1","0","562","1",NA,NA,NA,562,1,NA,NA,NA,NA
"217","R_2yrQz0sJm66hHs9","4234171","2/9/17 15:46","2/9/17 16:19","1",NA,"1","0",NA,NA,NA,NA,"1","2","504","3",NA,NA,NA,504,3,NA,NA,NA,NA
"218","R_1gcMbWCMcBB97mN","4238278","2/9/17 15:45","2/9/17 16:19","1",NA,"1","0",NA,NA,NA,NA,"1","1","561","0",NA,NA,NA,561,0,NA,NA,NA,NA
"219","R_T0DdmF0xL4UeyoF","4233075","2/9/17 15:45","2/9/17 16:19","1",NA,"1","0",NA,NA,NA,NA,"1","3","528","4",NA,NA,NA,528,4,NA,NA,NA,NA
"220","R_3mn3yU0fiFRuFpE","4234390","2/9/17 15:45","2/9/17 16:20","1",NA,"1","1","1","3","528","2",NA,NA,NA,NA,NA,NA,NA,528,2,NA,NA,NA,NA
"221","R_WqeyNVn6c9Tupax","4233292","2/10/17 9:43","2/10/17 10:06","1",NA,"0","1",NA,NA,NA,NA,NA,NA,NA,NA,"2",NA,NA,NA,NA,NA,NA,NA,NA
"222","R_3r1wWSF39BmmeiW","4238818","2/10/17 9:46","2/10/17 10:06","1",NA,"1","1","1","1","580","2",NA,NA,NA,NA,NA,NA,NA,580,2,NA,NA,NA,NA
"223","R_1mJHbubNn2BqLXw","4235954","2/10/17 9:45","2/10/17 10:07","1",NA,"1","1","1","5","553","4",NA,NA,NA,NA,NA,NA,NA,553,4,NA,NA,NA,NA
"224","R_3I7BAlFmHBAEyQh","4232520","2/10/17 9:46","2/10/17 10:08","1",NA,"1","1","1","1","502","0",NA,NA,NA,NA,NA,NA,NA,502,0,NA,NA,NA,NA
"225","R_000JuvbRXXLw89P","4231746","2/10/17 9:45","2/10/17 10:08","1",NA,"1","0",NA,NA,NA,NA,"1","5","507","4",NA,NA,NA,507,4,NA,NA,NA,NA
